Start Year,Magnitude
1901,7.9
1922,8.149999999999999
1928,5.1
2033,3.204838730130867
